official_name_en,ISO3166-1-Alpha-2
Afghanistan,AF
Albania,AL
Algeria,DZ
American Samoa,AS
Andorra,AD
Angola,AO
Anguilla,AI
Antigua and Barbuda,AG
Argentina,AR
Armenia,AM
Aruba,AW
Australia,AU
Austria,AT
Azerbaijan,AZ
Bahamas,BS
Bahrain,BH
Bangladesh,BD
Barbados,BB
Belarus,BY
Belgium,BE
Belize,BZ
Benin,BJ
Bermuda,BM
Bhutan,BT
Bolivia (Plurinational State of),BO
Bosnia and Herzegovina,BA
Botswana,BW
Brazil,BR
British Virgin Islands,VG
Brunei Darussalam,BN
Bulgaria,BG
Burkina Faso,BF
Burundi,BI
Cambodia,KH
Cameroon,CM
Canada,CA
Cabo Verde,CV
"Bonaire, Sint Eustatius and Saba",BQ
Cayman Islands,KY
Central African Republic,CF
Chad,TD
Chile,CL
China,CN
Colombia,CO
Comoros,KM
Congo,CG
Democratic Republic of the Congo,CD
Cook Islands,CK
Costa Rica,CR
Croatia,HR
Cuba,CU
Curaçao,CW
Cyprus,CY
Czech Republic,CZ
Côte d'Ivoire,CI
Denmark,DK
Djibouti,DJ
Dominica,DM
Dominican Republic,DO
Ecuador,EC
Egypt,EG
El Salvador,SV
Equatorial Guinea,GQ
Eritrea,ER
Estonia,EE
Ethiopia,ET
Falkland Islands (Malvinas),FK
Faeroe Islands,FO
Fiji,FJ
Finland,FI
France,FR
French Guiana,GF
French Polynesia,PF
Gabon,GA
Gambia,GM
Georgia,GE
Germany,DE
Ghana,GH
Gibraltar,GI
Greece,GR
Greenland,GL
Grenada,GD
Guadeloupe,GP
Guam,GU
Guatemala,GT
Guernsey,GG
Guinea,GN
Guinea-Bissau,GW
Guyana,GY
Haiti,HT
Honduras,HN
"China, Hong Kong Special Administrative Region",HK
Hungary,HU
Iceland,IS
India,IN
Indonesia,ID
Iran (Islamic Republic of),IR
Iraq,IQ
Ireland,IE
Isle of Man,IM
Israel,IL
Italy,IT
Jamaica,JM
Japan,JP
Jersey,JE
Jordan,JO
Kazakhstan,KZ
Kenya,KE
Kiribati,KI
Kuwait,KW
Kyrgyzstan,KG
Lao People's Democratic Republic,LA
Latvia,LV
Lebanon,LB
Lesotho,LS
Liberia,LR
Libya,LY
Liechtenstein,LI
Lithuania,LT
Luxembourg,LU
"China, Macao Special Administrative Region",MO
The former Yugoslav Republic of Macedonia,MK
Madagascar,MG
Malawi,MW
Malaysia,MY
Maldives,MV
Mali,ML
Malta,MT
Marshall Islands,MH
Martinique,MQ
Mauritania,MR
Mauritius,MU
Mayotte,YT
Mexico,MX
Micronesia (Federated States of),FM
Republic of Moldova,MD
Monaco,MC
Mongolia,MN
Montenegro,ME
Montserrat,MS
Morocco,MA
Mozambique,MZ
Myanmar,MM
Namibia,NA
Nauru,NR
Nepal,NP
Netherlands,NL
New Caledonia,NC
New Zealand,NZ
Nicaragua,NI
Niger,NE
Nigeria,NG
Niue,NU
Norfolk Island,NF
Democratic People's Republic of Korea,KP
Northern Mariana Islands,MP
Norway,NO
Oman,OM
Pakistan,PK
Palau,PW
State of Palestine,PS
Panama,PA
Papua New Guinea,PG
Paraguay,PY
Peru,PE
Philippines,PH
Pitcairn,PN
Poland,PL
Portugal,PT
Puerto Rico,PR
Qatar,QA
Romania,RO
Russian Federation,RU
Rwanda,RW
Réunion,RE
Samoa,WS
San Marino,SM
Saudi Arabia,SA
Senegal,SN
Serbia,RS
Seychelles,SC
Sierra Leone,SL
Singapore,SG
Sint Maarten (Dutch part),SX
Slovakia,SK
Slovenia,SI
Solomon Islands,SB
Somalia,SO
South Africa,ZA
Republic of Korea,KR
South Sudan,SS
Spain,ES
Sri Lanka,LK
Saint Barthélemy,BL
Saint Helena,SH
Saint Kitts and Nevis,KN
Saint Lucia,LC
Saint Martin (French part),MF
Saint Pierre and Miquelon,PM
Saint Vincent and the Grenadines,VC
Sudan,SD
Suriname,SR
Svalbard and Jan Mayen Islands,SJ
Swaziland,SZ
Sweden,SE
Switzerland,CH
Syrian Arab Republic,SY
Sao Tome and Principe,ST
Tajikistan,TJ
United Republic of Tanzania,TZ
Thailand,TH
Timor-Leste,TL
Togo,TG
Tokelau,TK
Tonga,TO
Trinidad and Tobago,TT
Tunisia,TN
Turkey,TR
Turkmenistan,TM
Turks and Caicos Islands,TC
Tuvalu,TV
United States Virgin Islands,VI
United Kingdom,UK
United Kingdom of Great Britain and Northern Ireland,GB
United States of America,US
Uganda,UG
Ukraine,UA
United Arab Emirates,AE
Uruguay,UY
Uzbekistan,UZ
Vanuatu,VU
Holy See,VA
Venezuela (Bolivarian Republic of),VE
Viet Nam,VN
Wallis and Futuna Islands,WF
Western Sahara,EH
Yemen,YE
Zambia,ZM
Zimbabwe,ZW
Åland Islands,AX